,選項A,選項B,選項C,選項D,
會計科是下面哪個群?,動力機械群,商業管理群,機械群,設計群,電機與電子群
下列何者是會計科學習的課程?,國貿實務,程式設計,會計軟體,表現技法,造圖原理
會計科較適合什麼人?,不切實際,粗心大意,弄虛作假,耐心謹慎,心浮氣躁
會計科未來較不適合做什麼工作?,記帳士,出納人員,財務主管,會計行政,工程師
會計科統測不會測驗哪個科目?,設計概論,數位科技概論,商業概論,經濟學,會計學
會計的課程中不會學習到什麼?,資產負債表,Excel試算表,權益變動表,401報表(稅額申報),銀行存款調節表
在上會計課時會用到甚麼工具來幫助學習?,手機,計算機,鍋鏟,雕刻刀,廣告顏料
下列何者是會計科能考的證照?,會計事務,電腦軟體應用,門市服務,中打,以上皆可
哪個是讀會計科的優點?,訓練耐心,訓練程式邏輯,訓練美感,訓練肌力,訓練金融控管
會計科未來的職業發展方向，不包括以下哪項？,公民營機構會計記帳,高普考公務人員,餐飲業服務生,民營機構會計相關工作,自行創業
會計科學生如何透過實習增進職業道德和價值觀？,參與校外志願服務,參加校內合作社實習,參與校園綠化工作,參加學校籃球隊,參加馬拉松
判斷誰最適合讀會計科?,對色彩很敏感的大明,對理財有興趣的阿明,邏輯清晰的小明,很會煮荷包蛋的阿華,喜歡旅行的小華
會計科的學生將學習哪些關鍵技能？,商業和會計軟體的使用,收入稅文件的準備,成本核算,小企業管理技能,以上皆是
在會計科中，學生將如何發展他們的職業技能？,與會計師合作,用新技術和會計軟體,小組合作,實際操作學習,以上皆是
會計科畢業生的未來展望包括哪些方面？,讀會計系或商管學系,報考研究所,考記帳士等證照,進入會計事務所當員工,以上皆是
會計科的教學目標是什麼？,培養基層會計人才,傳授會計事務知識, 職業道德之培養,A與B,A、B、C皆是
會計科一年級的小明最可能會學到甚麼?,經濟學,統計學,微積分,總體經濟學,以上皆非
讀會計科的職業傷害有哪些? (甲)呼吸道損傷 (乙)腰痠背痛 (丙)手腕疼痛 (丁)腦癌,甲乙,甲丁,乙丙,乙丙丁,甲乙丙丁