題目,選項A,選項B,選項C,選項D,選項E
資處科是下面哪個群?,動力機械群,商業與管理群,機械群,設計群,電機與電子群
資處科沒有學習下面哪個課程?,商業概論,數位科技概論,程式設計,多媒體,行銷實務
資處科常被誤會成資訊科是有以下幾個原因?,名字,專業類似,都會修電腦,都有玩原神,頭髮看起來都快禿了
資處科未來最適合做什麼工作?,網頁設計人員,演員,飛機機長,水電工,海賊王
資處科上大學能上哪些科系？,資訊管理系,企業管理系,設計系,會計系,以上皆可
資處科通常在學什麼?,電子商務,門市服務,造形原理,飲料實務,表現技法實習
資處科與下列何者最不相關?,報表應用,商業簡報,電子製圖,程式設計,影片剪輯
資處科與哪個證照最不具關聯性?,網頁設計,電腦軟體應用,會計資訊,餐旅服務,中英打輸入
資處科統測考以下哪個?,數學,歷史,公民,物理,以上皆是
資處科的實作不包括哪個?,工業配線,做動畫,程式設計,剪輯,以上皆包括
哪一個科目是國貿科有的，而資處科卻沒有?,門市服務,數位科技應用,會計學,商業概論,經濟學
"小明是個資處科一年級生，
甚麼軟體他最有可能上到?",word,Access,Apex,Adobe Bridge,Osu
"在高職資處科學習的阿明，哪個科目是大學
才會學到的?",數位科技應用,數位科技概論,經濟學,會計學,統計學
哪個是讀資處科的優點?,訓練邏輯,了解電腦零件,訓練思辨能力,了解電腦內部系統,以上皆是
多媒體課程不包括下列何者?,影片剪輯,動畫製作,3D列印,程式撰寫,圖像美編
資處科學習的項目不包括何者?,圖表製作,app介面,電路連接,公式函數,影音處理
"大明考了電腦軟體應用證照，哪一類未包含
他所考的範圍之內?",作業系統,資訊安全,硬體架構,飲料實務,網頁概論
"操作電腦後的職業傷害可能有哪些? (甲)手腕
疼痛 (乙)頸部傷害(丙)呼吸道問題(丁)視力影響",甲乙丙,甲乙丁,甲丙丁,乙丙丁,甲乙丙丁